Workbook

Sheet Sheet1
A1: No | B1: IPK | C1: Kehadiran | D1: Beasiswa | E1: Lulus
A2: 1 | B2: 3.5 | C2: 90 | D2: 0 | E2: 1
A3: 2 | B3: 2.8 | C3: 75 | D3: 1 | E3: 0
A4: 3 | B4: 3.2 | C4: 85 | D4: 0 | E4: 1
A5: 4 | B5: 2.5 | C5: 60 | D5: 1 | E5: 0
A6: 5 | B6: 3.8 | C6: 95 | D6: 0 | E6: 1
A7: 6 | B7: 2.9 | C7: 70 | D7: 1 | E7: 0
A8: 7 | B8: 3.1 | C8: 80 | D8: 1 | E8: 1
A9: 8 | B9: 3.4 | C9: 88 | D9: 0 | E9: 1
A10: 9 | B10: 3.1377083 | C10: 75 | D10: 1 | E10: 0
A11: 10 | B11: 3.6 | C11: 92 | D11: 0 | E11: 1
A12: 11 | B12: 2.7 | C12: 65 | D12: 1 | E12: 0
A13: 12 | B13: 3.3 | C13: 85 | D13: 0 | E13: 1
... A51: 50 | B51: 2.98 | C51: 74 | D51: 1 | E51: 0

Sheet iterasi 1
A1: No | B1: IPK | C1: Kehadiran | D1: Beasiswa | E1: Lulus | F1: P1 | G1: Validasi
A2: 1 | B2: 3.5 | C2: 90 | D2: 0 | E2: 1 | F2: =IF(B2>=3, 1, 0) -> 1 | G2: =IF(F2=E2, "BENAR", "SALAH") -> BENAR
A3: 2 | B3: 2.8 | C3: 75 | D3: 1 | E3: 0 | F3: =IF(B3>=3, 1, 0) -> 0 | G3: =IF(F3=E3, "BENAR", "SALAH") -> BENAR
A4: 3 | B4: 3.2 | C4: 85 | D4: 0 | E4: 1 | F4: =IF(B4>=3, 1, 0) -> 1 | G4: =IF(F4=E4, "BENAR", "SALAH") -> BENAR
A5: 4 | B5: 2.5 | C5: 60 | D5: 1 | E5: 0 | F5: =IF(B5>=3, 1, 0) -> 0 | G5: =IF(F5=E5, "BENAR", "SALAH") -> BENAR
A6: 5 | B6: 3.8 | C6: 95 | D6: 0 | E6: 1 | F6: =IF(B6>=3, 1, 0) -> 1 | G6: =IF(F6=E6, "BENAR", "SALAH") -> BENAR
A7: 6 | B7: 2.9 | C7: 70 | D7: 1 | E7: 0 | F7: =IF(B7>=3, 1, 0) -> 0 | G7: =IF(F7=E7, "BENAR", "SALAH") -> BENAR
A8: 7 | B8: 3.1 | C8: 80 | D8: 1 | E8: 1 | F8: =IF(B8>=3, 1, 0) -> 1 | G8: =IF(F8=E8, "BENAR", "SALAH") -> BENAR | L8: Keterangan | M8: Jumlah Siswa | N8: Lulus (1) | O8: Tidak Lulus (0)
A9: 8 | B9: 3.4 | C9: 88 | D9: 0 | E9: 1 | F9: =IF(B9>=3, 1, 0) -> 1 | G9: =IF(F9=E9, "BENAR", "SALAH") -> BENAR | L9: IPK ≥ 3.0 | M9: 32 | N9: 30 | O9: 2
A10: 9 | B10: 3.1377083 | C10: 75 | D10: 1 | E10: 0 | F10: =IF(B10>=3, 1, 0) -> 1 | G10: =IF(F10=E10, "BENAR", "SALAH") -> SALAH | L10: IPK < 3.0 | M10: 18 | N10: 4 | O10: 14
A11: 10 | B11: 3.6 | C11: 92 | D11: 0 | E11: 1 | F11: =IF(B11>=3, 1, 0) -> 1 | G11: =IF(F11=E11, "BENAR", "SALAH") -> BENAR | L11: Total | M11: 50 | N11: 34 | O11: 16
A12: 11 | B12: 2.7 | C12: 65 | D12: 1 | E12: 0 | F12: =IF(B12>=3, 1, 0) -> 0 | G12: =IF(F12=E12, "BENAR", "SALAH") -> BENAR
A13: 12 | B13: 3.3 | C13: 85 | D13: 0 | E13: 1 | F13: =IF(B13>=3, 1, 0) -> 1 | G13: =IF(F13=E13, "BENAR", "SALAH") -> BENAR
A14: 13 | B14: 3 | C14: 79.6875 | D14: 1 | E14: 1 | F14: =IF(B14>=3, 1, 0) -> 1 | G14: =IF(F14=E14, "BENAR", "SALAH") -> BENAR
A15: 14 | B15: 2.4 | C15: 55 | D15: 1 | E15: 0 | F15: =IF(B15>=3, 1, 0) -> 0 | G15: =IF(F15=E15, "BENAR", "SALAH") -> BENAR
A16: 15 | B16: 3.9 | C16: 100 | D16: 0 | E16: 1 | F16: =IF(B16>=3, 1, 0) -> 1 | G16: =IF(F16=E16, "BENAR", "SALAH") -> BENAR
A17: 16 | B17: 3.25 | C17: 82 | D17: 0 | E17: 1 | F17: =IF(B17>=3, 1, 0) -> 1 | G17: =IF(F17=E17, "BENAR", "SALAH") -> BENAR
A18: 17 | B18: 2.65 | C18: 70 | D18: 1 | E18: 0 | F18: =IF(B18>=3, 1, 0) -> 0 | G18: =IF(F18=E18, "BENAR", "SALAH") -> BENAR
A19: 18 | B19: 3.15 | C19: 78 | D19: 1 | E19: 1 | F19: =IF(B19>=3, 1, 0) -> 1 | G19: =IF(F19=E19, "BENAR", "SALAH") -> BENAR
A20: 19 | B20: 3.45 | C20: 90 | D20: 0 | E20: 1 | F20: =IF(B20>=3, 1, 0) -> 1 | G20: =IF(F20=E20, "BENAR", "SALAH") -> BENAR
A21: 20 | B21: 2.85 | C21: 72 | D21: 1 | E21: 0 | F21: =IF(B21>=3, 1, 0) -> 0 | G21: =IF(F21=E21, "BENAR", "SALAH") -> BENAR
A22: 21 | B22: 3.7 | C22: 94 | D22: 0 | E22: 1 | F22: =IF(B22>=3, 1, 0) -> 1 | G22: =IF(F22=E22, "BENAR", "SALAH") -> BENAR
A23: 22 | B23: 2.55 | C23: 62 | D23: 1 | E23: 0 | F23: =IF(B23>=3, 1, 0) -> 0 | G23: =IF(F23=E23, "BENAR", "SALAH") -> BENAR
... A51: 50 | B51: 2.98 | C51: 74 | D51: 1 | E51: 0 | F51: =IF(B51>=3, 1, 0) -> 0 | G51: =IF(F51=E51, "BENAR", "SALAH") -> BENAR

Sheet iterasi 2
A1: No | B1: IPK | C1: Kehadiran | D1: Beasiswa | E1: Lulus | F1: P2 | G1: Validasi
A2: 17 | B2: 2.65 | C2: 70 | D2: 1 | E2: 0 | F2: =IF(C2>=80, 1, 0) -> 0 | G2: =IF(F2=E2, "BENAR", "SALAH") -> BENAR
A3: 31 | B3: 2.45 | C3: 58 | D3: 1 | E3: 0 | F3: =IF(C3>=80, 1, 0) -> 0 | G3: =IF(F3=E3, "BENAR", "SALAH") -> BENAR
A4: 41 | B4: 3.22 | C4: 83 | D4: 0 | E4: 1 | F4: =IF(C4>=80, 1, 0) -> 1 | G4: =IF(F4=E4, "BENAR", "SALAH") -> BENAR
A5: 40 | B5: 3.85 | C5: 98 | D5: 0 | E5: 1 | F5: =IF(C5>=80, 1, 0) -> 1 | G5: =IF(F5=E5, "BENAR", "SALAH") -> BENAR
A6: 9 | B6: 3.1377083 | C6: 75 | D6: 1 | E6: 0 | F6: =IF(C6>=80, 1, 0) -> 0 | G6: =IF(F6=E6, "BENAR", "SALAH") -> BENAR
A7: 10 | B7: 3.6 | C7: 92 | D7: 0 | E7: 1 | F7: =IF(C7>=80, 1, 0) -> 1 | G7: =IF(F7=E7, "BENAR", "SALAH") -> BENAR
A8: 50 | B8: 2.98 | C8: 74 | D8: 1 | E8: 0 | F8: =IF(C8>=80, 1, 0) -> 0 | G8: =IF(F8=E8, "BENAR", "SALAH") -> BENAR
A9: 18 | B9: 3.15 | C9: 78 | D9: 1 | E9: 1 | F9: =IF(C9>=80, 1, 0) -> 0 | G9: =IF(F9=E9, "BENAR", "SALAH") -> SALAH
A10: 44 | B10: 3.48 | C10: 92 | D10: 0 | E10: 1 | F10: =IF(C10>=80, 1, 0) -> 1 | G10: =IF(F10=E10, "BENAR", "SALAH") -> BENAR
A11: 47 | B11: 2.52 | C11: 61 | D11: 1 | E11: 0 | F11: =IF(C11>=80, 1, 0) -> 0 | G11: =IF(F11=E11, "BENAR", "SALAH") -> BENAR
A12: 12 | B12: 3.3 | C12: 85 | D12: 0 | E12: 1 | F12: =IF(C12>=80, 1, 0) -> 1 | G12: =IF(F12=E12, "BENAR", "SALAH") -> BENAR
A13: 25 | B13: 2.95 | C13: 74 | D13: 1 | E13: 0 | F13: =IF(C13>=80, 1, 0) -> 0 | G13: =IF(F13=E13, "BENAR", "SALAH") -> BENAR
... A51: 38 | B51: 3.38 | C51: 86 | D51: 0 | E51: 1 | F51: =IF(C51>=80, 1, 0) -> 1 | G51: =IF(F51=E51, "BENAR", "SALAH") -> BENAR

Sheet iterasi 3
A1: No | B1: IPK | C1: Kehadiran | D1: Beasiswa | E1: Lulus | F1: P3 | G1: Validasi
A2: 31 | B2: 2.45 | C2: 58 | D2: 1 | E2: 0 | F2: =IF(D2=1, 1, 0) -> 1 | G2: =IF(F2=E2, "BENAR", "SALAH") -> SALAH
A3: 2 | B3: 2.8 | C3: 75 | D3: 1 | E3: 0 | F3: =IF(D3=1, 1, 0) -> 1 | G3: =IF(F3=E3, "BENAR", "SALAH") -> SALAH
A4: 41 | B4: 3.22 | C4: 83 | D4: 0 | E4: 1 | F4: =IF(D4=1, 1, 0) -> 0 | G4: =IF(F4=E4, "BENAR", "SALAH") -> SALAH
A5: 45 | B5: 2.82 | C5: 76 | D5: 1 | E5: 0 | F5: =IF(D5=1, 1, 0) -> 1 | G5: =IF(F5=E5, "BENAR", "SALAH") -> SALAH
A6: 19 | B6: 3.45 | C6: 90 | D6: 0 | E6: 1 | F6: =IF(D6=1, 1, 0) -> 0 | G6: =IF(F6=E6, "BENAR", "SALAH") -> SALAH
A7: 39 | B7: 2.92 | C7: 71 | D7: 1 | E7: 0 | F7: =IF(D7=1, 1, 0) -> 1 | G7: =IF(F7=E7, "BENAR", "SALAH") -> SALAH
A8: 49 | B8: 3.32 | C8: 84 | D8: 0 | E8: 1 | F8: =IF(D8=1, 1, 0) -> 0 | G8: =IF(F8=E8, "BENAR", "SALAH") -> SALAH
A9: 29 | B9: 3.1377083 | C9: 80 | D9: 1 | E9: 1 | F9: =IF(D9=1, 1, 0) -> 1 | G9: =IF(F9=E9, "BENAR", "SALAH") -> BENAR
A10: 21 | B10: 3.7 | C10: 94 | D10: 0 | E10: 1 | F10: =IF(D10=1, 1, 0) -> 0 | G10: =IF(F10=E10, "BENAR", "SALAH") -> SALAH
A11: 30 | B11: 3.65 | C11: 93 | D11: 0 | E11: 1 | F11: =IF(D11=1, 1, 0) -> 0 | G11: =IF(F11=E11, "BENAR", "SALAH") -> SALAH
A12: 5 | B12: 3.8 | C12: 95 | D12: 0 | E12: 1 | F12: =IF(D12=1, 1, 0) -> 0 | G12: =IF(F12=E12, "BENAR", "SALAH") -> SALAH
A13: 12 | B13: 3.3 | C13: 85 | D13: 0 | E13: 1 | F13: =IF(D13=1, 1, 0) -> 0 | G13: =IF(F13=E13, "BENAR", "SALAH") -> SALAH
... A51: 36 | B51: 2.6 | C51: 63 | D51: 1 | E51: 0 | F51: =IF(D51=1, 1, 0) -> 1 | G51: =IF(F51=E51, "BENAR", "SALAH") -> SALAH

Sheet iterasi 4
A1: No | B1: IPK | C1: Kehadiran | D1: Beasiswa | E1: Lulus | F1: P4 | G1: VALIDASI
A2: 4 | B2: 2.5 | C2: 60 | D2: 1 | E2: 0 | F2: =IF(B2>=3.4, 1, 0) -> 0 | G2: =IF(F2=E2, "BENAR", "SALAH") -> BENAR
A3: 39 | B3: 2.92 | C3: 71 | D3: 1 | E3: 0 | F3: =IF(B3>=3.4, 1, 0) -> 0 | G3: =IF(F3=E3, "BENAR", "SALAH") -> BENAR
A4: 44 | B4: 3.48 | C4: 92 | D4: 0 | E4: 1 | F4: =IF(B4>=3.4, 1, 0) -> 1 | G4: =IF(F4=E4, "BENAR", "SALAH") -> BENAR
A5: 16 | B5: 3.25 | C5: 82 | D5: 0 | E5: 1 | F5: =IF(B5>=3.4, 1, 0) -> 0 | G5: =IF(F5=E5, "BENAR", "SALAH") -> SALAH
A6: 40 | B6: 3.85 | C6: 98 | D6: 0 | E6: 1 | F6: =IF(B6>=3.4, 1, 0) -> 1 | G6: =IF(F6=E6, "BENAR", "SALAH") -> BENAR
A7: 34 | B7: 2.88 | C7: 73 | D7: 1 | E7: 0 | F7: =IF(B7>=3.4, 1, 0) -> 0 | G7: =IF(F7=E7, "BENAR", "SALAH") -> BENAR
A8: 42 | B8: 2.72 | C8: 67 | D8: 1 | E8: 0 | F8: =IF(B8>=3.4, 1, 0) -> 0 | G8: =IF(F8=E8, "BENAR", "SALAH") -> BENAR
A9: 2 | B9: 2.8 | C9: 75 | D9: 1 | E9: 0 | F9: =IF(B9>=3.4, 1, 0) -> 0 | G9: =IF(F9=E9, "BENAR", "SALAH") -> BENAR
A10: 18 | B10: 3.15 | C10: 78 | D10: 1 | E10: 1 | F10: =IF(B10>=3.4, 1, 0) -> 0 | G10: =IF(F10=E10, "BENAR", "SALAH") -> SALAH
A11: 30 | B11: 3.65 | C11: 93 | D11: 0 | E11: 1 | F11: =IF(B11>=3.4, 1, 0) -> 1 | G11: =IF(F11=E11, "BENAR", "SALAH") -> BENAR
A12: 21 | B12: 3.7 | C12: 94 | D12: 0 | E12: 1 | F12: =IF(B12>=3.4, 1, 0) -> 1 | G12: =IF(F12=E12, "BENAR", "SALAH") -> BENAR
A13: 14 | B13: 2.4 | C13: 55 | D13: 1 | E13: 0 | F13: =IF(B13>=3.4, 1, 0) -> 0 | G13: =IF(F13=E13, "BENAR", "SALAH") -> BENAR
... A51: 28 | B51: 3.28 | C51: 84 | D51: 0 | E51: 1 | F51: =IF(B51>=3.4, 1, 0) -> 0 | G51: =IF(F51=E51, "BENAR", "SALAH") -> SALAH

Sheet iterasi 5
A1: No | B1: IPK | C1: Kehadiran | D1: Beasiswa | E1: Lulus | F1: P5 | G1: Validasi
A2: 25 | B2: 2.95 | C2: 74 | D2: 1 | E2: 0 | F2: =IF(C2>=70, 1, 0) -> 1 | G2: =IF(F2=E2, "BENAR", "SALAH") -> SALAH
A3: 21 | B3: 3.7 | C3: 94 | D3: 0 | E3: 1 | F3: =IF(C3>=70, 1, 0) -> 1 | G3: =IF(F3=E3, "BENAR", "SALAH") -> BENAR
A4: 23 | B4: 3.05 | C4: 80 | D4: 1 | E4: 1 | F4: =IF(C4>=70, 1, 0) -> 1 | G4: =IF(F4=E4, "BENAR", "SALAH") -> BENAR
A5: 17 | B5: 2.65 | C5: 70 | D5: 1 | E5: 0 | F5: =IF(C5>=70, 1, 0) -> 1 | G5: =IF(F5=E5, "BENAR", "SALAH") -> SALAH
A6: 2 | B6: 2.8 | C6: 75 | D6: 1 | E6: 0 | F6: =IF(C6>=70, 1, 0) -> 1 | G6: =IF(F6=E6, "BENAR", "SALAH") -> SALAH
A7: 10 | B7: 3.6 | C7: 92 | D7: 0 | E7: 1 | F7: =IF(C7>=70, 1, 0) -> 1 | G7: =IF(F7=E7, "BENAR", "SALAH") -> BENAR
A8: 29 | B8: 3.1377083 | C8: 80 | D8: 1 | E8: 1 | F8: =IF(C8>=70, 1, 0) -> 1 | G8: =IF(F8=E8, "BENAR", "SALAH") -> BENAR
A9: 12 | B9: 3.3 | C9: 85 | D9: 0 | E9: 1 | F9: =IF(C9>=70, 1, 0) -> 1 | G9: =IF(F9=E9, "BENAR", "SALAH") -> BENAR
A10: 7 | B10: 3.1 | C10: 80 | D10: 1 | E10: 1 | F10: =IF(C10>=70, 1, 0) -> 1 | G10: =IF(F10=E10, "BENAR", "SALAH") -> BENAR
A11: 45 | B11: 2.82 | C11: 76 | D11: 1 | E11: 0 | F11: =IF(C11>=70, 1, 0) -> 1 | G11: =IF(F11=E11, "BENAR", "SALAH") -> SALAH
A12: 44 | B12: 3.48 | C12: 92 | D12: 0 | E12: 1 | F12: =IF(C12>=70, 1, 0) -> 1 | G12: =IF(F12=E12, "BENAR", "SALAH") -> BENAR
A13: 13 | B13: 3 | C13: 79.6875 | D13: 1 | E13: 1 | F13: =IF(C13>=70, 1, 0) -> 1 | G13: =IF(F13=E13, "BENAR", "SALAH") -> BENAR
... A51: 14 | B51: 2.4 | C51: 55 | D51: 1 | E51: 0 | F51: =IF(C51>=70, 1, 0) -> 0 | G51: =IF(F51=E51, "BENAR", "SALAH") -> BENAR

Sheet Hasil Akhir 
A1: No | B1: IPK | C1: Kehadiran | D1: Beasiswa | E1: Lulus | F1: P1 | G1: P2 | H1: P3 | I1: P4 | J1: P5 | K1: Voting akhir | L1: Validasi final
A2: 1 | B2: 3.5 | C2: 90 | D2: 0 | E2: 1 | F2: =VLOOKUP($A2, 'iterasi 1'!$A$2:$F$51, 6, FALSE) -> 1 | G2: =VLOOKUP($A2, 'iterasi 2'!A:F, 6, FALSE) -> 1 | H2: =VLOOKUP($A2, 'iterasi 3'!$A$2:$F$51, 6, FALSE) -> 0 | I2: =VLOOKUP($A2, 'iterasi 4'!$A$2:$F$51, 6, FALSE) -> 1 | J2: =VLOOKUP($A2, 'iterasi 5'!$A$2:$F$51, 6, FALSE) -> 1 | K2: =IF(SUM(F2:J2)>=3, 1, 0) -> 1 | L2: =IF(K2=E2, "BENAR", "SALAH") -> BENAR
A3: 2 | B3: 2.8 | C3: 75 | D3: 1 | E3: 0 | F3: =VLOOKUP($A3, 'iterasi 1'!$A$2:$F$51, 6, FALSE) -> 0 | G3: =VLOOKUP($A3, 'iterasi 2'!A:F, 6, FALSE) -> 0 | H3: =VLOOKUP($A3, 'iterasi 3'!$A$2:$F$51, 6, FALSE) -> 1 | I3: =VLOOKUP($A3, 'iterasi 4'!$A$2:$F$51, 6, FALSE) -> 0 | J3: =VLOOKUP($A3, 'iterasi 5'!$A$2:$F$51, 6, FALSE) -> 1 | K3: =IF(SUM(F3:J3)>=3, 1, 0) -> 0 | L3: =IF(K3=E3, "BENAR", "SALAH") -> BENAR
A4: 3 | B4: 3.2 | C4: 85 | D4: 0 | E4: 1 | F4: =VLOOKUP($A4, 'iterasi 1'!$A$2:$F$51, 6, FALSE) -> 1 | G4: =VLOOKUP($A4, 'iterasi 2'!A:F, 6, FALSE) -> 1 | H4: =VLOOKUP($A4, 'iterasi 3'!$A$2:$F$51, 6, FALSE) -> 0 | I4: =VLOOKUP($A4, 'iterasi 4'!$A$2:$F$51, 6, FALSE) -> 0 | J4: =VLOOKUP($A4, 'iterasi 5'!$A$2:$F$51, 6, FALSE) -> 1 | K4: =IF(SUM(F4:J4)>=3, 1, 0) -> 1 | L4: =IF(K4=E4, "BENAR", "SALAH") -> BENAR
A5: 4 | B5: 2.5 | C5: 60 | D5: 1 | E5: 0 | F5: =VLOOKUP($A5, 'iterasi 1'!$A$2:$F$51, 6, FALSE) -> 0 | G5: =VLOOKUP($A5, 'iterasi 2'!A:F, 6, FALSE) -> 0 | H5: =VLOOKUP($A5, 'iterasi 3'!$A$2:$F$51, 6, FALSE) -> 1 | I5: =VLOOKUP($A5, 'iterasi 4'!$A$2:$F$51, 6, FALSE) -> 0 | J5: =VLOOKUP($A5, 'iterasi 5'!$A$2:$F$51, 6, FALSE) -> 0 | K5: =IF(SUM(F5:J5)>=3, 1, 0) -> 0 | L5: =IF(K5=E5, "BENAR", "SALAH") -> BENAR
A6: 5 | B6: 3.8 | C6: 95 | D6: 0 | E6: 1 | F6: =VLOOKUP($A6, 'iterasi 1'!$A$2:$F$51, 6, FALSE) -> 1 | G6: =VLOOKUP($A6, 'iterasi 2'!A:F, 6, FALSE) -> 1 | H6: =VLOOKUP($A6, 'iterasi 3'!$A$2:$F$51, 6, FALSE) -> 0 | I6: =VLOOKUP($A6, 'iterasi 4'!$A$2:$F$51, 6, FALSE) -> 1 | J6: =VLOOKUP($A6, 'iterasi 5'!$A$2:$F$51, 6, FALSE) -> 1 | K6: =IF(SUM(F6:J6)>=3, 1, 0) -> 1 | L6: =IF(K6=E6, "BENAR", "SALAH") -> BENAR
A7: 6 | B7: 2.9 | C7: 70 | D7: 1 | E7: 0 | F7: =VLOOKUP($A7, 'iterasi 1'!$A$2:$F$51, 6, FALSE) -> 0 | G7: =VLOOKUP($A7, 'iterasi 2'!A:F, 6, FALSE) -> 0 | H7: =VLOOKUP($A7, 'iterasi 3'!$A$2:$F$51, 6, FALSE) -> 1 | I7: =VLOOKUP($A7, 'iterasi 4'!$A$2:$F$51, 6, FALSE) -> 0 | J7: =VLOOKUP($A7, 'iterasi 5'!$A$2:$F$51, 6, FALSE) -> 1 | K7: =IF(SUM(F7:J7)>=3, 1, 0) -> 0 | L7: =IF(K7=E7, "BENAR", "SALAH") -> BENAR
A8: 7 | B8: 3.1 | C8: 80 | D8: 1 | E8: 1 | F8: =VLOOKUP($A8, 'iterasi 1'!$A$2:$F$51, 6, FALSE) -> 1 | G8: =VLOOKUP($A8, 'iterasi 2'!A:F, 6, FALSE) -> 1 | H8: =VLOOKUP($A8, 'iterasi 3'!$A$2:$F$51, 6, FALSE) -> 1 | I8: =VLOOKUP($A8, 'iterasi 4'!$A$2:$F$51, 6, FALSE) -> 0 | J8: =VLOOKUP($A8, 'iterasi 5'!$A$2:$F$51, 6, FALSE) -> 1 | K8: =IF(SUM(F8:J8)>=3, 1, 0) -> 1 | L8: =IF(K8=E8, "BENAR", "SALAH") -> BENAR
A9: 8 | B9: 3.4 | C9: 88 | D9: 0 | E9: 1 | F9: =VLOOKUP($A9, 'iterasi 1'!$A$2:$F$51, 6, FALSE) -> 1 | G9: =VLOOKUP($A9, 'iterasi 2'!A:F, 6, FALSE) -> 1 | H9: =VLOOKUP($A9, 'iterasi 3'!$A$2:$F$51, 6, FALSE) -> 0 | I9: =VLOOKUP($A9, 'iterasi 4'!$A$2:$F$51, 6, FALSE) -> 1 | J9: =VLOOKUP($A9, 'iterasi 5'!$A$2:$F$51, 6, FALSE) -> 1 | K9: =IF(SUM(F9:J9)>=3, 1, 0) -> 1 | L9: =IF(K9=E9, "BENAR", "SALAH") -> BENAR
A10: 9 | B10: 3.1377083 | C10: 75 | D10: 1 | E10: 0 | F10: =VLOOKUP($A10, 'iterasi 1'!$A$2:$F$51, 6, FALSE) -> 1 | G10: =VLOOKUP($A10, 'iterasi 2'!A:F, 6, FALSE) -> 0 | H10: =VLOOKUP($A10, 'iterasi 3'!$A$2:$F$51, 6, FALSE) -> 1 | I10: =VLOOKUP($A10, 'iterasi 4'!$A$2:$F$51, 6, FALSE) -> 0 | J10: =VLOOKUP($A10, 'iterasi 5'!$A$2:$F$51, 6, FALSE) -> 1 | K10: =IF(SUM(F10:J10)>=3, 1, 0) -> 1 | L10: =IF(K10=E10, "BENAR", "SALAH") -> SALAH
A11: 10 | B11: 3.6 | C11: 92 | D11: 0 | E11: 1 | F11: =VLOOKUP($A11, 'iterasi 1'!$A$2:$F$51, 6, FALSE) -> 1 | G11: =VLOOKUP($A11, 'iterasi 2'!A:F, 6, FALSE) -> 1 | H11: =VLOOKUP($A11, 'iterasi 3'!$A$2:$F$51, 6, FALSE) -> 0 | I11: =VLOOKUP($A11, 'iterasi 4'!$A$2:$F$51, 6, FALSE) -> 1 | J11: =VLOOKUP($A11, 'iterasi 5'!$A$2:$F$51, 6, FALSE) -> 1 | K11: =IF(SUM(F11:J11)>=3, 1, 0) -> 1 | L11: =IF(K11=E11, "BENAR", "SALAH") -> BENAR
A12: 11 | B12: 2.7 | C12: 65 | D12: 1 | E12: 0 | F12: =VLOOKUP($A12, 'iterasi 1'!$A$2:$F$51, 6, FALSE) -> 0 | G12: =VLOOKUP($A12, 'iterasi 2'!A:F, 6, FALSE) -> 0 | H12: =VLOOKUP($A12, 'iterasi 3'!$A$2:$F$51, 6, FALSE) -> 1 | I12: =VLOOKUP($A12, 'iterasi 4'!$A$2:$F$51, 6, FALSE) -> 0 | J12: =VLOOKUP($A12, 'iterasi 5'!$A$2:$F$51, 6, FALSE) -> 0 | K12: =IF(SUM(F12:J12)>=3, 1, 0) -> 0 | L12: =IF(K12=E12, "BENAR", "SALAH") -> BENAR
A13: 12 | B13: 3.3 | C13: 85 | D13: 0 | E13: 1 | F13: =VLOOKUP($A13, 'iterasi 1'!$A$2:$F$51, 6, FALSE) -> 1 | G13: =VLOOKUP($A13, 'iterasi 2'!A:F, 6, FALSE) -> 1 | H13: =VLOOKUP($A13, 'iterasi 3'!$A$2:$F$51, 6, FALSE) -> 0 | I13: =VLOOKUP($A13, 'iterasi 4'!$A$2:$F$51, 6, FALSE) -> 0 | J13: =VLOOKUP($A13, 'iterasi 5'!$A$2:$F$51, 6, FALSE) -> 1 | K13: =IF(SUM(F13:J13)>=3, 1, 0) -> 1 | L13: =IF(K13=E13, "BENAR", "SALAH") -> BENAR
... A51: 50 | B51: 2.98 | C51: 74 | D51: 1 | E51: 0 | F51: =VLOOKUP($A51, 'iterasi 1'!$A$2:$F$51, 6, FALSE) -> 0 | G51: =VLOOKUP($A51, 'iterasi 2'!A:F, 6, FALSE) -> 0 | H51: =VLOOKUP($A51, 'iterasi 3'!$A$2:$F$51, 6, FALSE) -> 1 | I51: =VLOOKUP($A51, 'iterasi 4'!$A$2:$F$51, 6, FALSE) -> 0 | J51: =VLOOKUP($A51, 'iterasi 5'!$A$2:$F$51, 6, FALSE) -> 1 | K51: =IF(SUM(F51:J51)>=3, 1, 0) -> 0 | L51: =IF(K51=E51, "BENAR", "SALAH") -> BENAR
F55: total benar akhir = | H55: =COUNTIF(L2:L51, "BENAR") -> 49
F56: total salah akhir = | H56: =COUNTIF(L2:L51, "SALAH") -> 1
